0.5,0.333333333,0.2,0.142857143,0.090909091,0.076923077,0.058823529
0.25,0.666666667,0.4,0.285714286,0.181818182,0.153846154,0.117647059
0.75,0.111111111,0.6,0.428571429,0.272727273,0.230769231,0.176470588
0.125,0.444444444,0.8,0.571428571,0.363636364,0.307692308,0.235294118
0.625,0.777777778,0.04,0.714285714,0.454545455,0.384615385,0.294117647
0.375,0.222222222,0.24,0.857142857,0.545454545,0.461538462,0.352941176
0.875,0.555555556,0.44,0.020408163,0.636363636,0.538461538,0.411764706
0.0625,0.888888889,0.64,0.163265306,0.727272727,0.615384615,0.470588235
0.5625,0.037037037,0.84,0.306122449,0.818181818,0.692307692,0.529411765
0.3125,0.37037037,0.08,0.448979592,0.909090909,0.769230769,0.588235294
0.8125,0.703703704,0.28,0.591836735,0.008264463,0.846153846,0.647058824
0.1875,0.148148148,0.48,0.734693878,0.099173554,0.923076923,0.705882353
0.6875,0.481481481,0.68,0.87755102,0.190082645,0.00591716,0.764705882
0.4375,0.814814815,0.88,0.040816327,0.280991736,0.082840237,0.823529412
0.9375,0.259259259,0.12,0.183673469,0.371900826,0.159763314,0.882352941
0.03125,0.592592593,0.32,0.326530612,0.462809917,0.236686391,0.941176471
0.53125,0.925925926,0.52,0.469387755,0.553719008,0.313609467,0.003460208
0.28125,0.074074074,0.72,0.612244898,0.644628099,0.390532544,0.062283737
0.78125,0.407407407,0.92,0.755102041,0.73553719,0.467455621,0.121107266
0.15625,0.740740741,0.16,0.897959184,0.826446281,0.544378698,0.179930796
0.65625,0.185185185,0.36,0.06122449,0.917355372,0.621301775,0.238754325
0.40625,0.518518519,0.56,0.204081633,0.016528926,0.698224852,0.297577855
0.90625,0.851851852,0.76,0.346938776,0.107438017,0.775147929,0.356401384
0.09375,0.296296296,0.96,0.489795918,0.198347107,0.852071006,0.415224913
0.59375,0.62962963,0.008,0.632653061,0.289256198,0.928994083,0.474048443
0.34375,0.962962963,0.208,0.775510204,0.380165289,0.01183432,0.532871972
0.84375,0.012345679,0.408,0.918367347,0.47107438,0.088757396,0.591695502
0.21875,0.345679012,0.608,0.081632653,0.561983471,0.165680473,0.650519031
0.71875,0.679012346,0.808,0.224489796,0.652892562,0.24260355,0.709342561
0.46875,0.12345679,0.048,0.367346939,0.743801653,0.319526627,0.76816609
0.96875,0.456790123,0.248,0.510204082,0.834710744,0.396449704,0.826989619
0.015625,0.790123457,0.448,0.653061224,0.925619835,0.473372781,0.885813149
0.515625,0.234567901,0.648,0.795918367,0.024793388,0.550295858,0.944636678
0.265625,0.567901235,0.848,0.93877551,0.115702479,0.627218935,0.006920415
0.765625,0.901234568,0.088,0.102040816,0.20661157,0.704142012,0.065743945
0.140625,0.049382716,0.288,0.244897959,0.297520661,0.781065089,0.124567474
0.640625,0.382716049,0.488,0.387755102,0.388429752,0.857988166,0.183391003
0.390625,0.716049383,0.688,0.530612245,0.479338843,0.934911243,0.242214533
0.890625,0.160493827,0.888,0.673469388,0.570247934,0.017751479,0.301038062
0.078125,0.49382716,0.128,0.816326531,0.661157025,0.094674556,0.359861592
0.578125,0.827160494,0.328,0.959183673,0.752066116,0.171597633,0.418685121
0.328125,0.271604938,0.528,0.12244898,0.842975207,0.24852071,0.477508651
0.828125,0.604938272,0.728,0.265306122,0.933884298,0.325443787,0.53633218
0.203125,0.938271605,0.928,0.408163265,0.033057851,0.402366864,0.595155709
0.703125,0.086419753,0.168,0.551020408,0.123966942,0.479289941,0.653979239
0.453125,0.419753086,0.368,0.693877551,0.214876033,0.556213018,0.712802768
0.953125,0.75308642,0.568,0.836734694,0.305785124,0.633136095,0.771626298
0.046875,0.197530864,0.768,0.979591837,0.396694215,0.710059172,0.830449827
0.546875,0.530864198,0.968,0.002915452,0.487603306,0.786982249,0.889273356
0.296875,0.864197531,0.016,0.145772595,0.578512397,0.863905325,0.948096886
0.796875,0.308641975,0.216,0.288629738,0.669421488,0.940828402,0.010380623
0.171875,0.641975309,0.416,0.43148688,0.760330579,0.023668639,0.069204152
0.671875,0.975308642,0.616,0.574344023,0.851239669,0.100591716,0.128027682
0.421875,0.024691358,0.816,0.717201166,0.94214876,0.177514793,0.186851211
0.921875,0.358024691,0.056,0.860058309,0.041322314,0.25443787,0.24567474
0.109375,0.691358025,0.256,0.023323615,0.132231405,0.331360947,0.30449827
0.609375,0.135802469,0.456,0.166180758,0.223140496,0.408284024,0.363321799
0.359375,0.469135802,0.656,0.309037901,0.314049587,0.485207101,0.422145329
0.859375,0.802469136,0.856,0.451895044,0.404958678,0.562130178,0.480968858
0.234375,0.24691358,0.096,0.594752187,0.495867769,0.639053254,0.539792388
0.734375,0.580246914,0.296,0.737609329,0.58677686,0.715976331,0.598615917
0.484375,0.913580247,0.496,0.880466472,0.67768595,0.792899408,0.657439446
0.984375,0.061728395,0.696,0.043731778,0.768595041,0.869822485,0.716262976
0.0078125,0.395061728,0.896,0.186588921,0.859504132,0.946745562,0.775086505
0.5078125,0.728395062,0.136,0.329446064,0.950413223,0.029585799,0.833910035
0.2578125,0.172839506,0.336,0.472303207,0.049586777,0.106508876,0.892733564
0.7578125,0.50617284,0.536,0.61516035,0.140495868,0.183431953,0.951557093
0.1328125,0.839506173,0.736,0.758017493,0.231404959,0.26035503,0.01384083
0.6328125,0.283950617,0.936,0.900874636,0.32231405,0.337278107,0.07266436
0.3828125,0.617283951,0.176,0.064139942,0.41322314,0.414201183,0.131487889
0.8828125,0.950617284,0.376,0.206997085,0.504132231,0.49112426,0.190311419
0.0703125,0.098765432,0.576,0.349854227,0.595041322,0.568047337,0.249134948
0.5703125,0.432098765,0.776,0.49271137,0.685950413,0.644970414,0.307958478
0.3203125,0.765432099,0.976,0.635568513,0.776859504,0.721893491,0.366782007
0.8203125,0.209876543,0.024,0.778425656,0.867768595,0.798816568,0.425605536
0.1953125,0.543209877,0.224,0.921282799,0.958677686,0.875739645,0.484429066
0.6953125,0.87654321,0.424,0.084548105,0.05785124,0.952662722,0.543252595
0.4453125,0.320987654,0.624,0.227405248,0.148760331,0.035502959,0.602076125
0.9453125,0.654320988,0.824,0.370262391,0.239669421,0.112426036,0.660899654
0.0390625,0.987654321,0.064,0.513119534,0.330578512,0.189349112,0.719723183
0.5390625,0.004115226,0.264,0.655976676,0.421487603,0.266272189,0.778546713
0.2890625,0.33744856,0.464,0.798833819,0.512396694,0.343195266,0.837370242
0.7890625,0.670781893,0.664,0.941690962,0.603305785,0.420118343,0.896193772
0.1640625,0.115226337,0.864,0.104956268,0.694214876,0.49704142,0.955017301
0.6640625,0.448559671,0.104,0.247813411,0.785123967,0.573964497,0.017301038
0.4140625,0.781893004,0.304,0.390670554,0.876033058,0.650887574,0.076124567
0.9140625,0.226337449,0.504,0.533527697,0.966942149,0.727810651,0.134948097
0.1015625,0.559670782,0.704,0.67638484,0.066115702,0.804733728,0.193771626
0.6015625,0.893004115,0.904,0.819241983,0.157024793,0.881656805,0.252595156
0.3515625,0.041152263,0.144,0.962099125,0.247933884,0.958579882,0.311418685
0.8515625,0.374485597,0.344,0.125364431,0.338842975,0.041420118,0.370242215
0.2265625,0.70781893,0.544,0.268221574,0.429752066,0.118343195,0.429065744
0.7265625,0.152263374,0.744,0.411078717,0.520661157,0.195266272,0.487889273
0.4765625,0.485596708,0.944,0.55393586,0.611570248,0.272189349,0.546712803
0.9765625,0.818930041,0.184,0.696793003,0.702479339,0.349112426,0.605536332
0.0234375,0.263374486,0.384,0.839650146,0.79338843,0.426035503,0.664359862
0.5234375,0.596707819,0.584,0.982507289,0.884297521,0.50295858,0.723183391
0.2734375,0.930041152,0.784,0.005830904,0.975206612,0.579881657,0.78200692
0.7734375,0.0781893,0.984,0.148688047,0.074380165,0.656804734,0.84083045
0.1484375,0.411522634,0.032,0.29154519,0.165289256,0.733727811,0.899653979
0.6484375,0.744855967,0.232,0.434402332,0.256198347,0.810650888,0.958477509
0.3984375,0.189300412,0.432,0.577259475,0.347107438,0.887573964,0.020761246
0.8984375,0.522633745,0.632,0.720116618,0.438016529,0.964497041,0.079584775
0.0859375,0.855967078,0.832,0.862973761,0.52892562,0.047337278,0.138408304
0.5859375,0.300411523,0.072,0.026239067,0.619834711,0.124260355,0.197231834
0.3359375,0.633744856,0.272,0.16909621,0.710743802,0.201183432,0.256055363
0.8359375,0.967078189,0.472,0.311953353,0.801652893,0.278106509,0.314878893
0.2109375,0.016460905,0.672,0.454810496,0.892561983,0.355029586,0.373702422
0.7109375,0.349794239,0.872,0.597667638,0.983471074,0.431952663,0.432525952
0.4609375,0.683127572,0.112,0.740524781,0.082644628,0.50887574,0.491349481
0.9609375,0.127572016,0.312,0.883381924,0.173553719,0.585798817,0.55017301
0.0546875,0.46090535,0.512,0.04664723,0.26446281,0.662721893,0.60899654
0.5546875,0.794238683,0.712,0.189504373,0.355371901,0.73964497,0.667820069
0.3046875,0.238683128,0.912,0.332361516,0.446280992,0.816568047,0.726643599
0.8046875,0.572016461,0.152,0.475218659,0.537190083,0.893491124,0.785467128
0.1796875,0.905349794,0.352,0.618075802,0.628099174,0.970414201,0.844290657
0.6796875,0.053497942,0.552,0.760932945,0.719008264,0.053254438,0.903114187
0.4296875,0.386831276,0.752,0.903790087,0.809917355,0.130177515,0.961937716
0.9296875,0.720164609,0.952,0.067055394,0.900826446,0.207100592,0.024221453
0.1171875,0.164609053,0.192,0.209912536,0.991735537,0.284023669,0.083044983
0.6171875,0.497942387,0.392,0.352769679,0.000751315,0.360946746,0.141868512
0.3671875,0.83127572,0.592,0.495626822,0.091660406,0.437869822,0.200692042
0.8671875,0.275720165,0.792,0.638483965,0.182569497,0.514792899,0.259515571
0.2421875,0.609053498,0.992,0.781341108,0.273478588,0.591715976,0.3183391
0.7421875,0.942386831,0.0016,0.924198251,0.364387678,0.668639053,0.37716263
0.4921875,0.090534979,0.2016,0.087463557,0.455296769,0.74556213,0.435986159
0.9921875,0.423868313,0.4016,0.2303207,0.54620586,0.822485207,0.494809689
0.00390625,0.757201646,0.6016,0.373177843,0.637114951,0.899408284,0.553633218
0.50390625,0.201646091,0.8016,0.516034985,0.728024042,0.976331361,0.612456747
0.25390625,0.534979424,0.0416,0.658892128,0.818933133,0.059171598,0.671280277
0.75390625,0.868312757,0.2416,0.801749271,0.909842224,0.136094675,0.730103806
0.12890625,0.312757202,0.4416,0.944606414,0.009015778,0.213017751,0.788927336
0.62890625,0.646090535,0.6416,0.10787172,0.099924869,0.289940828,0.847750865
0.37890625,0.979423868,0.8416,0.250728863,0.190833959,0.366863905,0.906574394
0.87890625,0.028806584,0.0816,0.393586006,0.28174305,0.443786982,0.965397924
0.06640625,0.362139918,0.2816,0.536443149,0.372652141,0.520710059,0.027681661
0.56640625,0.695473251,0.4816,0.679300292,0.463561232,0.597633136,0.08650519
0.31640625,0.139917695,0.6816,0.822157434,0.554470323,0.674556213,0.14532872
0.81640625,0.473251029,0.8816,0.965014577,0.645379414,0.75147929,0.204152249
0.19140625,0.806584362,0.1216,0.128279883,0.736288505,0.828402367,0.262975779
0.69140625,0.251028807,0.3216,0.271137026,0.827197596,0.905325444,0.321799308
0.44140625,0.58436214,0.5216,0.413994169,0.918106687,0.982248521,0.380622837
0.94140625,0.917695473,0.7216,0.556851312,0.01728024,0.065088757,0.439446367
0.03515625,0.065843621,0.9216,0.699708455,0.108189331,0.142011834,0.498269896
0.53515625,0.399176955,0.1616,0.842565598,0.199098422,0.218934911,0.557093426
0.28515625,0.732510288,0.3616,0.985422741,0.290007513,0.295857988,0.615916955
0.78515625,0.176954733,0.5616,0.008746356,0.380916604,0.372781065,0.674740484
0.16015625,0.510288066,0.7616,0.151603499,0.471825695,0.449704142,0.733564014
0.66015625,0.843621399,0.9616,0.294460641,0.562734786,0.526627219,0.792387543
0.41015625,0.288065844,0.0096,0.437317784,0.653643877,0.603550296,0.851211073
0.91015625,0.621399177,0.2096,0.580174927,0.744552968,0.680473373,0.910034602
0.09765625,0.95473251,0.4096,0.72303207,0.835462059,0.75739645,0.968858131
0.59765625,0.102880658,0.6096,0.865889213,0.92637115,0.834319527,0.031141869
0.34765625,0.436213992,0.8096,0.029154519,0.025544703,0.911242604,0.089965398
0.84765625,0.769547325,0.0496,0.172011662,0.116453794,0.98816568,0.148788927
0.22265625,0.21399177,0.2496,0.314868805,0.207362885,0.071005917,0.207612457
0.72265625,0.547325103,0.4496,0.457725948,0.298271976,0.147928994,0.266435986
0.47265625,0.880658436,0.6496,0.60058309,0.389181067,0.224852071,0.325259516
0.97265625,0.325102881,0.8496,0.743440233,0.480090158,0.301775148,0.384083045
0.01953125,0.658436214,0.0896,0.886297376,0.570999249,0.378698225,0.442906574
0.51953125,0.991769547,0.2896,0.049562682,0.66190834,0.455621302,0.501730104
0.26953125,0.008230453,0.4896,0.192419825,0.752817431,0.532544379,0.560553633
0.76953125,0.341563786,0.6896,0.335276968,0.843726521,0.609467456,0.619377163
0.14453125,0.674897119,0.8896,0.478134111,0.934635612,0.686390533,0.678200692
0.64453125,0.119341564,0.1296,0.620991254,0.033809166,0.763313609,0.737024221
0.39453125,0.452674897,0.3296,0.763848397,0.124718257,0.840236686,0.795847751
0.89453125,0.78600823,0.5296,0.906705539,0.215627348,0.917159763,0.85467128
0.08203125,0.230452675,0.7296,0.069970845,0.306536439,0.99408284,0.91349481
0.58203125,0.563786008,0.9296,0.212827988,0.39744553,0.000455166,0.972318339
0.33203125,0.897119342,0.1696,0.355685131,0.488354621,0.077378243,0.034602076
0.83203125,0.04526749,0.3696,0.498542274,0.579263711,0.15430132,0.093425606
0.20703125,0.378600823,0.5696,0.641399417,0.670172802,0.231224397,0.152249135
0.70703125,0.711934156,0.7696,0.78425656,0.761081893,0.308147474,0.211072664
0.45703125,0.156378601,0.9696,0.927113703,0.851990984,0.385070551,0.269896194
0.95703125,0.489711934,0.0176,0.090379009,0.942900075,0.461993628,0.328719723
0.05078125,0.823045267,0.2176,0.233236152,0.042073629,0.538916705,0.387543253
0.55078125,0.267489712,0.4176,0.376093294,0.13298272,0.615839782,0.446366782
0.30078125,0.600823045,0.6176,0.518950437,0.223891811,0.692762858,0.505190311
0.80078125,0.934156379,0.8176,0.66180758,0.314800902,0.769685935,0.564013841
0.17578125,0.082304527,0.0576,0.804664723,0.405709992,0.846609012,0.62283737
0.67578125,0.41563786,0.2576,0.947521866,0.496619083,0.923532089,0.6816609
0.42578125,0.748971193,0.4576,0.110787172,0.587528174,0.006372326,0.740484429
0.92578125,0.193415638,0.6576,0.253644315,0.678437265,0.083295403,0.799307958
0.11328125,0.526748971,0.8576,0.396501458,0.769346356,0.16021848,0.858131488
0.61328125,0.860082305,0.0976,0.539358601,0.860255447,0.237141557,0.916955017
0.36328125,0.304526749,0.2976,0.682215743,0.951164538,0.314064634,0.975778547
0.86328125,0.637860082,0.4976,0.825072886,0.050338092,0.390987711,0.038062284
0.23828125,0.971193416,0.6976,0.967930029,0.141247183,0.467910787,0.096885813
0.73828125,0.020576132,0.8976,0.131195335,0.232156273,0.544833864,0.155709343
0.48828125,0.353909465,0.1376,0.274052478,0.323065364,0.621756941,0.214532872
0.98828125,0.687242798,0.3376,0.416909621,0.413974455,0.698680018,0.273356401
0.01171875,0.131687243,0.5376,0.559766764,0.504883546,0.775603095,0.332179931
0.51171875,0.465020576,0.7376,0.702623907,0.595792637,0.852526172,0.39100346
0.26171875,0.798353909,0.9376,0.84548105,0.686701728,0.929449249,0.44982699
0.76171875,0.242798354,0.1776,0.988338192,0.777610819,0.012289486,0.508650519
0.13671875,0.576131687,0.3776,0.011661808,0.86851991,0.089212563,0.567474048
0.63671875,0.909465021,0.5776,0.15451895,0.959429001,0.16613564,0.626297578
0.38671875,0.057613169,0.7776,0.297376093,0.058602554,0.243058716,0.685121107
0.88671875,0.390946502,0.9776,0.440233236,0.149511645,0.319981793,0.743944637
0.07421875,0.724279835,0.0256,0.583090379,0.240420736,0.39690487,0.802768166
0.57421875,0.16872428,0.2256,0.725947522,0.331329827,0.473827947,0.861591696
0.32421875,0.502057613,0.4256,0.868804665,0.422238918,0.550751024,0.920415225
0.82421875,0.835390947,0.6256,0.032069971,0.513148009,0.627674101,0.979238754
0.19921875,0.279835391,0.8256,0.174927114,0.6040571,0.704597178,0.041522491
0.69921875,0.613168724,0.0656,0.317784257,0.694966191,0.781520255,0.100346021
0.44921875,0.946502058,0.2656,0.460641399,0.785875282,0.858443332,0.15916955
0.94921875,0.094650206,0.4656,0.603498542,0.876784373,0.935366409,0.21799308
0.04296875,0.427983539,0.6656,0.746355685,0.967693464,0.018206645,0.276816609
0.54296875,0.761316872,0.8656,0.889212828,0.066867017,0.095129722,0.335640138
0.29296875,0.205761317,0.1056,0.052478134,0.157776108,0.172052799,0.394463668
0.79296875,0.53909465,0.3056,0.195335277,0.248685199,0.248975876,0.453287197
0.16796875,0.872427984,0.5056,0.33819242,0.33959429,0.325898953,0.512110727
0.66796875,0.316872428,0.7056,0.481049563,0.430503381,0.40282203,0.570934256
0.41796875,0.650205761,0.9056,0.623906706,0.521412472,0.479745107,0.629757785
0.91796875,0.983539095,0.1456,0.766763848,0.612321563,0.556668184,0.688581315
0.10546875,0.032921811,0.3456,0.909620991,0.703230654,0.633591261,0.747404844
0.60546875,0.366255144,0.5456,0.072886297,0.794139745,0.710514338,0.806228374
0.35546875,0.699588477,0.7456,0.21574344,0.885048835,0.787437415,0.865051903
0.85546875,0.144032922,0.9456,0.358600583,0.975957926,0.864360492,0.923875433
0.23046875,0.477366255,0.1856,0.501457726,0.07513148,0.941283569,0.982698962
0.73046875,0.810699588,0.3856,0.644314869,0.166040571,0.024123805,0.044982699
0.48046875,0.255144033,0.5856,0.787172012,0.256949662,0.101046882,0.103806228
0.98046875,0.588477366,0.7856,0.930029155,0.347858753,0.177969959,0.162629758
0.02734375,0.9218107,0.9856,0.093294461,0.438767844,0.254893036,0.221453287
0.52734375,0.069958848,0.0336,0.236151603,0.529676935,0.331816113,0.280276817
0.27734375,0.403292181,0.2336,0.379008746,0.620586026,0.40873919,0.339100346
0.77734375,0.736625514,0.4336,0.521865889,0.711495116,0.485662267,0.397923875
0.15234375,0.181069959,0.6336,0.664723032,0.802404207,0.562585344,0.456747405
0.65234375,0.514403292,0.8336,0.807580175,0.893313298,0.639508421,0.515570934
0.40234375,0.847736626,0.0736,0.950437318,0.984222389,0.716431497,0.574394464
0.90234375,0.29218107,0.2736,0.113702624,0.083395943,0.793354574,0.633217993
0.08984375,0.625514403,0.4736,0.256559767,0.174305034,0.870277651,0.692041522
0.58984375,0.958847737,0.6736,0.39941691,0.265214125,0.947200728,0.750865052
0.33984375,0.106995885,0.8736,0.542274052,0.356123216,0.030040965,0.809688581
0.83984375,0.440329218,0.1136,0.685131195,0.447032307,0.106964042,0.868512111
0.21484375,0.773662551,0.3136,0.827988338,0.537941397,0.183887119,0.92733564
0.71484375,0.218106996,0.5136,0.970845481,0.628850488,0.260810196,0.98615917
0.46484375,0.551440329,0.7136,0.134110787,0.719759579,0.337733273,0.048442907
0.96484375,0.884773663,0.9136,0.27696793,0.81066867,0.41465635,0.107266436
0.05859375,0.329218107,0.1536,0.419825073,0.901577761,0.491579426,0.166089965
0.55859375,0.66255144,0.3536,0.562682216,0.992486852,0.568502503,0.224913495
0.30859375,0.995884774,0.5536,0.705539359,0.00150263,0.64542558,0.283737024
0.80859375,0.001371742,0.7536,0.848396501,0.092411721,0.722348657,0.342560554
0.18359375,0.334705075,0.9536,0.991253644,0.183320811,0.799271734,0.401384083
0.68359375,0.668038409,0.1936,0.014577259,0.274229902,0.876194811,0.460207612
0.43359375,0.112482853,0.3936,0.157434402,0.365138993,0.953117888,0.519031142
0.93359375,0.445816187,0.5936,0.300291545,0.456048084,0.035958125,0.577854671
0.12109375,0.77914952,0.7936,0.443148688,0.546957175,0.112881202,0.636678201
0.62109375,0.223593964,0.9936,0.586005831,0.637866266,0.189804279,0.69550173
0.37109375,0.556927298,0.0032,0.728862974,0.728775357,0.266727355,0.75432526
0.87109375,0.890260631,0.2032,0.871720117,0.819684448,0.343650432,0.813148789
0.24609375,0.038408779,0.4032,0.034985423,0.910593539,0.420573509,0.871972318
0.74609375,0.371742112,0.6032,0.177842566,0.009767092,0.497496586,0.930795848
0.49609375,0.705075446,0.8032,0.320699708,0.100676183,0.574419663,0.989619377
0.99609375,0.14951989,0.0432,0.463556851,0.191585274,0.65134274,0.051903114
0.001953125,0.482853224,0.2432,0.606413994,0.282494365,0.728265817,0.110726644
0.501953125,0.816186557,0.4432,0.749271137,0.373403456,0.805188894,0.169550173
0.251953125,0.260631001,0.6432,0.89212828,0.464312547,0.882111971,0.228373702
0.751953125,0.593964335,0.8432,0.055393586,0.555221638,0.959035048,0.287197232
0.126953125,0.927297668,0.0832,0.198250729,0.646130729,0.041875284,0.346020761
0.626953125,0.075445816,0.2832,0.341107872,0.73703982,0.118798361,0.404844291
0.376953125,0.40877915,0.4832,0.483965015,0.827948911,0.195721438,0.46366782
0.876953125,0.742112483,0.6832,0.626822157,0.918858002,0.272644515,0.522491349
0.064453125,0.186556927,0.8832,0.7696793,0.018031555,0.349567592,0.581314879
0.564453125,0.519890261,0.1232,0.912536443,0.108940646,0.426490669,0.640138408
0.314453125,0.853223594,0.3232,0.075801749,0.199849737,0.503413746,0.698961938
0.814453125,0.297668038,0.5232,0.218658892,0.290758828,0.580336823,0.757785467
0.189453125,0.631001372,0.7232,0.361516035,0.381667919,0.6572599,0.816608997
0.689453125,0.964334705,0.9232,0.504373178,0.47257701,0.734182977,0.875432526
0.439453125,0.013717421,0.1632,0.647230321,0.563486101,0.811106054,0.934256055
0.939453125,0.347050754,0.3632,0.790087464,0.654395192,0.888029131,0.993079585
0.033203125,0.680384088,0.5632,0.932944606,0.745304282,0.964952208,0.055363322
0.533203125,0.124828532,0.7632,0.096209913,0.836213373,0.047792444,0.114186851
0.283203125,0.458161866,0.9632,0.239067055,0.927122464,0.124715521,0.173010381
0.783203125,0.791495199,0.0112,0.381924198,0.026296018,0.201638598,0.23183391
0.158203125,0.235939643,0.2112,0.524781341,0.117205109,0.278561675,0.290657439
0.658203125,0.569272977,0.4112,0.667638484,0.2081142,0.355484752,0.349480969
0.408203125,0.90260631,0.6112,0.810495627,0.299023291,0.432407829,0.408304498
0.908203125,0.050754458,0.8112,0.95335277,0.389932382,0.509330906,0.467128028
0.095703125,0.384087791,0.0512,0.116618076,0.480841473,0.586253983,0.525951557
0.595703125,0.717421125,0.2512,0.259475219,0.571750563,0.66317706,0.584775087
0.345703125,0.161865569,0.4512,0.402332362,0.662659654,0.740100137,0.643598616
0.845703125,0.495198903,0.6512,0.545189504,0.753568745,0.817023213,0.702422145
0.220703125,0.828532236,0.8512,0.688046647,0.844477836,0.89394629,0.761245675
0.720703125,0.27297668,0.0912,0.83090379,0.935386927,0.970869367,0.820069204
0.470703125,0.606310014,0.2912,0.973760933,0.034560481,0.053709604,0.878892734
0.970703125,0.939643347,0.4912,0.137026239,0.125469572,0.130632681,0.937716263
0.017578125,0.087791495,0.6912,0.279883382,0.216378663,0.207555758,0.996539792
0.517578125,0.421124829,0.8912,0.422740525,0.307287754,0.284478835,0.000203542
0.267578125,0.754458162,0.1312,0.565597668,0.398196844,0.361401912,0.059027071
0.767578125,0.198902606,0.3312,0.70845481,0.489105935,0.438324989,0.1178506
0.142578125,0.53223594,0.5312,0.851311953,0.580015026,0.515248066,0.17667413
0.642578125,0.865569273,0.7312,0.994169096,0.670924117,0.592171142,0.235497659
0.392578125,0.310013717,0.9312,0.017492711,0.761833208,0.669094219,0.294321189
0.892578125,0.643347051,0.1712,0.160349854,0.852742299,0.746017296,0.353144718
0.080078125,0.976680384,0.3712,0.303206997,0.94365139,0.822940373,0.411968248
0.580078125,0.0260631,0.5712,0.44606414,0.042824944,0.89986345,0.470791777
0.330078125,0.359396433,0.7712,0.588921283,0.133734035,0.976786527,0.529615306
0.830078125,0.692729767,0.9712,0.731778426,0.224643125,0.059626764,0.588438836
0.205078125,0.137174211,0.0192,0.874635569,0.315552216,0.136549841,0.647262365
0.705078125,0.470507545,0.2192,0.037900875,0.406461307,0.213472918,0.706085895
0.455078125,0.803840878,0.4192,0.180758017,0.497370398,0.290395995,0.764909424
0.955078125,0.248285322,0.6192,0.32361516,0.588279489,0.367319071,0.823732953
0.048828125,0.581618656,0.8192,0.466472303,0.67918858,0.444242148,0.882556483
0.548828125,0.914951989,0.0592,0.609329446,0.770097671,0.521165225,0.941380012
0.298828125,0.063100137,0.2592,0.752186589,0.861006762,0.598088302,0.003663749
0.798828125,0.396433471,0.4592,0.895043732,0.951915853,0.675011379,0.062487279
0.173828125,0.729766804,0.6592,0.058309038,0.051089406,0.751934456,0.121310808
0.673828125,0.174211248,0.8592,0.201166181,0.141998497,0.828857533,0.180134337
0.423828125,0.507544582,0.0992,0.344023324,0.232907588,0.90578061,0.238957867
0.923828125,0.840877915,0.2992,0.486880466,0.323816679,0.982703687,0.297781396
0.111328125,0.285322359,0.4992,0.629737609,0.41472577,0.065543924,0.356604926
0.611328125,0.618655693,0.6992,0.772594752,0.505634861,0.142467,0.415428455
0.361328125,0.951989026,0.8992,0.915451895,0.596543952,0.219390077,0.474251985
0.861328125,0.100137174,0.1392,0.078717201,0.687453043,0.296313154,0.533075514
0.236328125,0.433470508,0.3392,0.221574344,0.778362134,0.373236231,0.591899043
0.736328125,0.766803841,0.5392,0.364431487,0.869271225,0.450159308,0.650722573
0.486328125,0.211248285,0.7392,0.50728863,0.960180316,0.527082385,0.709546102
0.986328125,0.544581619,0.9392,0.650145773,0.059353869,0.604005462,0.768369632
0.009765625,0.877914952,0.1792,0.793002915,0.15026296,0.680928539,0.827193161
0.509765625,0.322359396,0.3792,0.935860058,0.241172051,0.757851616,0.88601669
0.259765625,0.65569273,0.5792,0.099125364,0.332081142,0.834774693,0.94484022
0.759765625,0.989026063,0.7792,0.241982507,0.422990233,0.91169777,0.007123957
0.134765625,0.005486968,0.9792,0.38483965,0.513899324,0.988620847,0.065947486
0.634765625,0.338820302,0.0272,0.527696793,0.604808415,0.071461083,0.124771016
0.384765625,0.672153635,0.2272,0.670553936,0.695717506,0.14838416,0.183594545
0.884765625,0.11659808,0.4272,0.813411079,0.786626597,0.225307237,0.242418074
0.072265625,0.449931413,0.6272,0.956268222,0.877535687,0.302230314,0.301241604
0.572265625,0.783264746,0.8272,0.119533528,0.968444778,0.379153391,0.360065133
0.322265625,0.227709191,0.0672,0.262390671,0.067618332,0.456076468,0.418888663
0.822265625,0.561042524,0.2672,0.405247813,0.158527423,0.532999545,0.477712192
0.197265625,0.894375857,0.4672,0.548104956,0.249436514,0.609922622,0.536535722
0.697265625,0.042524005,0.6672,0.690962099,0.340345605,0.686845699,0.595359251
0.447265625,0.375857339,0.8672,0.833819242,0.431254696,0.763768776,0.65418278
0.947265625,0.709190672,0.1072,0.976676385,0.522163787,0.840691853,0.71300631
0.041015625,0.153635117,0.3072,0.139941691,0.613072878,0.917614929,0.771829839
0.541015625,0.48696845,0.5072,0.282798834,0.703981968,0.994538006,0.830653369
0.291015625,0.820301783,0.7072,0.425655977,0.794891059,0.000910332,0.889476898
0.791015625,0.264746228,0.9072,0.56851312,0.88580015,0.077833409,0.948300427
0.166015625,0.598079561,0.1472,0.711370262,0.976709241,0.154756486,0.010584164
0.666015625,0.931412894,0.3472,0.854227405,0.075882795,0.231679563,0.069407694
0.416015625,0.079561043,0.5472,0.997084548,0.166791886,0.30860264,0.128231223
0.916015625,0.412894376,0.7472,0.000416493,0.257700977,0.385525717,0.187054753
0.103515625,0.746227709,0.9472,0.143273636,0.348610068,0.462448794,0.245878282
0.603515625,0.190672154,0.1872,0.286130779,0.439519159,0.539371871,0.304701812
0.353515625,0.524005487,0.3872,0.428987922,0.530428249,0.616294948,0.363525341
0.853515625,0.85733882,0.5872,0.571845065,0.62133734,0.693218025,0.42234887
0.228515625,0.301783265,0.7872,0.714702207,0.712246431,0.770141102,0.4811724
0.728515625,0.635116598,0.9872,0.85755935,0.803155522,0.847064178,0.539995929
0.478515625,0.968449931,0.0352,0.020824656,0.894064613,0.923987255,0.598819459
0.978515625,0.017832647,0.2352,0.163681799,0.984973704,0.006827492,0.657642988
0.025390625,0.351165981,0.4352,0.306538942,0.084147258,0.083750569,0.716466517
0.525390625,0.684499314,0.6352,0.449396085,0.175056349,0.160673646,0.775290047
0.275390625,0.128943759,0.8352,0.592253228,0.26596544,0.237596723,0.834113576
0.775390625,0.462277092,0.0752,0.735110371,0.35687453,0.3145198,0.892937106
0.150390625,0.795610425,0.2752,0.877967514,0.447783621,0.391442877,0.951760635
0.650390625,0.24005487,0.4752,0.04123282,0.538692712,0.468365954,0.014044372
0.400390625,0.573388203,0.6752,0.184089963,0.629601803,0.54528903,0.072867901
0.900390625,0.906721536,0.8752,0.326947105,0.720510894,0.622212107,0.131691431
0.087890625,0.054869684,0.1152,0.469804248,0.811419985,0.699135184,0.19051496
0.587890625,0.388203018,0.3152,0.612661391,0.902329076,0.776058261,0.24933849
0.337890625,0.721536351,0.5152,0.755518534,0.993238167,0.852981338,0.308162019
0.837890625,0.165980796,0.7152,0.898375677,0.002253944,0.929904415,0.366985549
0.212890625,0.499314129,0.9152,0.061640983,0.093163035,0.012744652,0.425809078
0.712890625,0.832647462,0.1552,0.204498126,0.184072126,0.089667729,0.484632607
0.462890625,0.277091907,0.3552,0.347355269,0.274981217,0.166590806,0.543456137
0.962890625,0.61042524,0.5552,0.490212411,0.365890308,0.243513883,0.602279666
0.056640625,0.943758573,0.7552,0.633069554,0.456799399,0.320436959,0.661103196
0.556640625,0.091906722,0.9552,0.775926697,0.54770849,0.397360036,0.719926725
0.306640625,0.425240055,0.1952,0.91878384,0.638617581,0.474283113,0.778750254
0.806640625,0.758573388,0.3952,0.082049146,0.729526672,0.55120619,0.837573784
0.181640625,0.203017833,0.5952,0.224906289,0.820435763,0.628129267,0.896397313
0.681640625,0.536351166,0.7952,0.367763432,0.911344853,0.705052344,0.955220843
0.431640625,0.869684499,0.9952,0.510620575,0.010518407,0.781975421,0.01750458
0.931640625,0.314128944,0.0048,0.653477718,0.101427498,0.858898498,0.076328109
0.119140625,0.647462277,0.2048,0.79633486,0.192336589,0.935821575,0.135151639
0.619140625,0.98079561,0.4048,0.939192003,0.28324568,0.018661812,0.193975168
0.369140625,0.030178326,0.6048,0.102457309,0.374154771,0.095584888,0.252798697
0.869140625,0.36351166,0.8048,0.245314452,0.465063862,0.172507965,0.311622227
0.244140625,0.696844993,0.0448,0.388171595,0.555972953,0.249431042,0.370445756
0.744140625,0.141289438,0.2448,0.531028738,0.646882044,0.326354119,0.429269286
0.494140625,0.474622771,0.4448,0.673885881,0.737791134,0.403277196,0.488092815
0.994140625,0.807956104,0.6448,0.816743024,0.828700225,0.480200273,0.546916344
0.005859375,0.252400549,0.8448,0.959600167,0.919609316,0.55712335,0.605739874
0.505859375,0.585733882,0.0848,0.122865473,0.01878287,0.634046427,0.664563403
0.255859375,0.919067215,0.2848,0.265722616,0.109691961,0.710969504,0.723386933
0.755859375,0.067215364,0.4848,0.408579758,0.200601052,0.787892581,0.782210462
0.130859375,0.400548697,0.6848,0.551436901,0.291510143,0.864815658,0.841033991
0.630859375,0.73388203,0.8848,0.694294044,0.382419234,0.941738735,0.899857521
0.380859375,0.178326475,0.1248,0.837151187,0.473328325,0.024578971,0.95868105
0.880859375,0.511659808,0.3248,0.98000833,0.564237415,0.101502048,0.020964787
0.068359375,0.844993141,0.5248,0.003331945,0.655146506,0.178425125,0.079788317
0.568359375,0.289437586,0.7248,0.146189088,0.746055597,0.255348202,0.138611846
0.318359375,0.622770919,0.9248,0.289046231,0.836964688,0.332271279,0.197435376
0.818359375,0.956104252,0.1648,0.431903374,0.927873779,0.409194356,0.256258905
0.193359375,0.104252401,0.3648,0.574760516,0.027047333,0.486117433,0.315082434
0.693359375,0.437585734,0.5648,0.717617659,0.117956424,0.56304051,0.373905964
0.443359375,0.770919067,0.7648,0.860474802,0.208865515,0.639963587,0.432729493
0.943359375,0.215363512,0.9648,0.023740108,0.299774606,0.716886664,0.491553023
0.037109375,0.548696845,0.0128,0.166597251,0.390683696,0.793809741,0.550376552
0.537109375,0.882030178,0.2128,0.309454394,0.481592787,0.870732817,0.609200081
0.287109375,0.326474623,0.4128,0.452311537,0.572501878,0.947655894,0.668023611
0.787109375,0.659807956,0.6128,0.59516868,0.663410969,0.030496131,0.72684714
0.162109375,0.993141289,0.8128,0.738025823,0.75432006,0.107419208,0.78567067
0.662109375,0.009602195,0.0528,0.880882965,0.845229151,0.184342285,0.844494199
0.412109375,0.342935528,0.2528,0.044148272,0.936138242,0.261265362,0.903317728
0.912109375,0.676268861,0.4528,0.187005414,0.035311796,0.338188439,0.962141258
0.099609375,0.120713306,0.6528,0.329862557,0.126220887,0.415111516,0.024424995
0.599609375,0.454046639,0.8528,0.4727197,0.217129977,0.492034593,0.083248524
0.349609375,0.787379973,0.0928,0.615576843,0.308039068,0.56895767,0.142072054
0.849609375,0.231824417,0.2928,0.758433986,0.398948159,0.645880746,0.200895583
0.224609375,0.56515775,0.4928,0.901291129,0.48985725,0.722803823,0.259719113
0.724609375,0.898491084,0.6928,0.064556435,0.580766341,0.7997269,0.318542642
0.474609375,0.046639232,0.8928,0.207413578,0.671675432,0.876649977,0.377366171
0.974609375,0.379972565,0.1328,0.350270721,0.762584523,0.953573054,0.436189701
0.021484375,0.713305898,0.3328,0.493127863,0.853493614,0.036413291,0.49501323
0.521484375,0.157750343,0.5328,0.635985006,0.944402705,0.113336368,0.55383676
0.271484375,0.491083676,0.7328,0.778842149,0.043576258,0.190259445,0.612660289
0.771484375,0.82441701,0.9328,0.921699292,0.134485349,0.267182522,0.671483818
0.146484375,0.268861454,0.1728,0.084964598,0.22539444,0.344105599,0.730307348
0.646484375,0.602194787,0.3728,0.227821741,0.316303531,0.421028675,0.789130877
0.396484375,0.935528121,0.5728,0.370678884,0.407212622,0.497951752,0.847954407
0.896484375,0.083676269,0.7728,0.513536027,0.498121713,0.574874829,0.906777936
0.083984375,0.417009602,0.9728,0.65639317,0.589030804,0.651797906,0.965601465
0.583984375,0.750342936,0.0208,0.799250312,0.679939895,0.728720983,0.027885203
0.333984375,0.19478738,0.2208,0.942107455,0.770848986,0.80564406,0.086708732
0.833984375,0.528120713,0.4208,0.105372761,0.861758077,0.882567137,0.145532261
0.208984375,0.861454047,0.6208,0.248229904,0.952667168,0.959490214,0.204355791
0.708984375,0.305898491,0.8208,0.391087047,0.051840721,0.042330451,0.26317932
0.458984375,0.639231824,0.0608,0.53394419,0.142749812,0.119253528,0.32200285
0.958984375,0.972565158,0.2608,0.676801333,0.233658903,0.196176604,0.380826379
0.052734375,0.021947874,0.4608,0.819658476,0.324567994,0.273099681,0.439649908
0.552734375,0.355281207,0.6608,0.962515618,0.415477085,0.350022758,0.498473438
0.302734375,0.68861454,0.8608,0.125780925,0.506386176,0.426945835,0.557296967
0.802734375,0.133058985,0.1008,0.268638067,0.597295267,0.503868912,0.616120497
0.177734375,0.466392318,0.3008,0.41149521,0.688204358,0.580791989,0.674944026
0.677734375,0.799725652,0.5008,0.554352353,0.779113449,0.657715066,0.733767555
0.427734375,0.244170096,0.7008,0.697209496,0.870022539,0.734638143,0.792591085
0.927734375,0.577503429,0.9008,0.840066639,0.96093163,0.81156122,0.851414614
0.115234375,0.910836763,0.1408,0.982923782,0.060105184,0.888484297,0.910238144
0.615234375,0.058984911,0.3408,0.006247397,0.151014275,0.965407374,0.969061673
0.365234375,0.392318244,0.5408,0.14910454,0.241923366,0.04824761,0.03134541
0.865234375,0.725651578,0.7408,0.291961683,0.332832457,0.125170687,0.09016894
0.240234375,0.170096022,0.9408,0.434818825,0.423741548,0.202093764,0.148992469
0.740234375,0.503429355,0.1808,0.577675968,0.514650639,0.279016841,0.207815998
0.490234375,0.836762689,0.3808,0.720533111,0.60555973,0.355939918,0.266639528
0.990234375,0.281207133,0.5808,0.863390254,0.69646882,0.432862995,0.325463057
0.013671875,0.614540466,0.7808,0.02665556,0.787377911,0.509786072,0.384286587
0.513671875,0.9478738,0.9808,0.169512703,0.878287002,0.586709149,0.443110116
0.263671875,0.096021948,0.0288,0.312369846,0.969196093,0.663632226,0.501933645
0.763671875,0.429355281,0.2288,0.455226989,0.068369647,0.740555303,0.560757175
0.138671875,0.762688615,0.4288,0.598084132,0.159278738,0.81747838,0.619580704
0.638671875,0.207133059,0.6288,0.740941274,0.250187829,0.894401457,0.678404234
0.388671875,0.540466392,0.8288,0.883798417,0.34109692,0.971324533,0.737227763
0.888671875,0.873799726,0.0688,0.047063723,0.432006011,0.05416477,0.796051292
0.076171875,0.31824417,0.2688,0.189920866,0.522915101,0.131087847,0.854874822
0.576171875,0.651577503,0.4688,0.332778009,0.613824192,0.208010924,0.913698351
0.326171875,0.984910837,0.6688,0.475635152,0.704733283,0.284934001,0.972521881
0.826171875,0.034293553,0.8688,0.618492295,0.795642374,0.361857078,0.034805618
0.201171875,0.367626886,0.1088,0.761349438,0.886551465,0.438780155,0.093629147
0.701171875,0.700960219,0.3088,0.904206581,0.977460556,0.515703232,0.152452677
0.451171875,0.145404664,0.5088,0.067471887,0.07663411,0.592626309,0.211276206
0.951171875,0.478737997,0.7088,0.21032903,0.167543201,0.669549386,0.270099735
0.044921875,0.812071331,0.9088,0.353186172,0.258452292,0.746472462,0.328923265
0.544921875,0.256515775,0.1488,0.496043315,0.349361382,0.823395539,0.387746794
0.294921875,0.589849108,0.3488,0.638900458,0.440270473,0.900318616,0.446570324
0.794921875,0.923182442,0.5488,0.781757601,0.531179564,0.977241693,0.505393853
0.169921875,0.07133059,0.7488,0.924614744,0.622088655,0.06008193,0.564217382
0.669921875,0.404663923,0.9488,0.08788005,0.712997746,0.137005007,0.623040912
0.419921875,0.737997257,0.1888,0.230737193,0.803906837,0.213928084,0.681864441
0.919921875,0.182441701,0.3888,0.373594336,0.894815928,0.290851161,0.740687971
0.107421875,0.515775034,0.5888,0.516451479,0.985725019,0.367774238,0.7995115
0.607421875,0.849108368,0.7888,0.659308621,0.084898573,0.444697315,0.85833503
0.357421875,0.293552812,0.9888,0.802165764,0.175807663,0.521620391,0.917158559
0.857421875,0.626886145,0.0368,0.945022907,0.266716754,0.598543468,0.975982088
0.232421875,0.960219479,0.2368,0.108288213,0.357625845,0.675466545,0.038265825
0.732421875,0.108367627,0.4368,0.251145356,0.448534936,0.752389622,0.097089355
0.482421875,0.44170096,0.6368,0.394002499,0.539444027,0.829312699,0.155912884
0.982421875,0.775034294,0.8368,0.536859642,0.630353118,0.906235776,0.214736414
0.029296875,0.219478738,0.0768,0.679716785,0.721262209,0.983158853,0.273559943
0.529296875,0.552812071,0.2768,0.822573928,0.8121713,0.06599909,0.332383472
0.279296875,0.886145405,0.4768,0.96543107,0.903080391,0.142922167,0.391207002
0.779296875,0.330589849,0.6768,0.128696377,0.993989482,0.219845244,0.450030531
0.154296875,0.663923182,0.8768,0.271553519,0.003005259,0.29676832,0.508854061
0.654296875,0.997256516,0.1168,0.414410662,0.09391435,0.373691397,0.56767759
0.404296875,0.002743484,0.3168,0.557267805,0.184823441,0.450614474,0.626501119
0.904296875,0.336076818,0.5168,0.700124948,0.275732532,0.527537551,0.685324649
0.091796875,0.669410151,0.7168,0.842982091,0.366641623,0.604460628,0.744148178
0.591796875,0.113854595,0.9168,0.985839234,0.457550714,0.681383705,0.802971708
0.341796875,0.447187929,0.1568,0.009162849,0.548459805,0.758306782,0.861795237
0.841796875,0.780521262,0.3568,0.152019992,0.639368896,0.835229859,0.920618767
0.216796875,0.224965706,0.5568,0.294877135,0.730277986,0.912152936,0.979442296
0.716796875,0.55829904,0.7568,0.437734277,0.821187077,0.989076013,0.041726033
0.466796875,0.891632373,0.9568,0.58059142,0.912096168,0.071916249,0.100549562
0.966796875,0.039780521,0.1968,0.723448563,0.011269722,0.148839326,0.159373092
0.060546875,0.373113855,0.3968,0.866305706,0.102178813,0.225762403,0.218196621
0.560546875,0.706447188,0.5968,0.029571012,0.193087904,0.30268548,0.277020151
0.310546875,0.150891632,0.7968,0.172428155,0.283996995,0.379608557,0.33584368
0.810546875,0.484224966,0.9968,0.315285298,0.374906086,0.456531634,0.394667209
0.185546875,0.817558299,0.0064,0.458142441,0.465815177,0.533454711,0.453490739
0.685546875,0.262002743,0.2064,0.600999584,0.556724267,0.610377788,0.512314268
0.435546875,0.595336077,0.4064,0.743856726,0.647633358,0.687300865,0.571137798
0.935546875,0.92866941,0.6064,0.886713869,0.738542449,0.764223942,0.629961327
0.123046875,0.076817558,0.8064,0.049979175,0.82945154,0.841147019,0.688784857
0.623046875,0.410150892,0.0464,0.192836318,0.920360631,0.918070096,0.747608386
0.373046875,0.743484225,0.2464,0.335693461,0.019534185,0.994993173,0.806431915
0.873046875,0.187928669,0.4464,0.478550604,0.110443276,0.001365498,0.865255445
0.248046875,0.521262003,0.6464,0.621407747,0.201352367,0.078288575,0.924078974
0.748046875,0.854595336,0.8464,0.76426489,0.292261458,0.155211652,0.982902504
0.498046875,0.299039781,0.0864,0.907122032,0.383170548,0.232134729,0.045186241
0.998046875,0.632373114,0.2864,0.070387339,0.474079639,0.309057806,0.10400977
0.000976563,0.965706447,0.4864,0.213244481,0.56498873,0.385980883,0.162833299
0.500976563,0.015089163,0.6864,0.356101624,0.655897821,0.46290396,0.221656829
0.250976563,0.348422497,0.8864,0.498958767,0.746806912,0.539827037,0.280480358
0.750976563,0.68175583,0.1264,0.64181591,0.837716003,0.616750114,0.339303888
0.125976563,0.126200274,0.3264,0.784673053,0.928625094,0.693673191,0.398127417
0.625976563,0.459533608,0.5264,0.927530196,0.027798648,0.770596268,0.456950946
0.375976563,0.792866941,0.7264,0.090795502,0.118707739,0.847519345,0.515774476
0.875976563,0.237311385,0.9264,0.233652645,0.209616829,0.924442421,0.574598005
0.063476563,0.570644719,0.1664,0.376509788,0.30052592,0.007282658,0.633421535
0.563476563,0.903978052,0.3664,0.51936693,0.391435011,0.084205735,0.692245064
0.313476563,0.0521262,0.5664,0.662224073,0.482344102,0.161128812,0.751068594
0.813476563,0.385459534,0.7664,0.805081216,0.573253193,0.238051889,0.809892123
0.188476563,0.718792867,0.9664,0.947938359,0.664162284,0.314974966,0.868715652
0.688476563,0.163237311,0.0144,0.111203665,0.755071375,0.391898043,0.927539182
0.438476563,0.496570645,0.2144,0.254060808,0.845980466,0.46882112,0.986362711
0.938476563,0.829903978,0.4144,0.396917951,0.936889557,0.545744197,0.048646448
0.032226563,0.274348422,0.6144,0.539775094,0.03606311,0.622667274,0.107469978
0.532226563,0.607681756,0.8144,0.682632237,0.126972201,0.69959035,0.166293507
0.282226563,0.941015089,0.0544,0.825489379,0.217881292,0.776513427,0.225117036
0.782226563,0.089163237,0.2544,0.968346522,0.308790383,0.853436504,0.283940566
0.157226563,0.422496571,0.4544,0.131611828,0.399699474,0.930359581,0.342764095
0.657226563,0.755829904,0.6544,0.274468971,0.490608565,0.013199818,0.401587625
0.407226563,0.200274348,0.8544,0.417326114,0.581517656,0.090122895,0.460411154
0.907226563,0.533607682,0.0944,0.560183257,0.672426747,0.167045972,0.519234683
0.094726563,0.866941015,0.2944,0.7030404,0.763335838,0.243969049,0.578058213
0.594726563,0.31138546,0.4944,0.845897543,0.854244929,0.320892126,0.636881742
0.344726563,0.644718793,0.6944,0.988754686,0.94515402,0.397815203,0.695705272
0.844726563,0.978052126,0.8944,0.012078301,0.044327573,0.474738279,0.754528801
0.219726563,0.027434842,0.1344,0.154935444,0.135236664,0.551661356,0.813352331
0.719726563,0.360768176,0.3344,0.297792586,0.226145755,0.628584433,0.87217586
0.469726563,0.694101509,0.5344,0.440649729,0.317054846,0.70550751,0.930999389
0.969726563,0.138545953,0.7344,0.583506872,0.407963937,0.782430587,0.989822919
0.016601563,0.471879287,0.9344,0.726364015,0.498873028,0.859353664,0.052106656
0.516601563,0.80521262,0.1744,0.869221158,0.589782119,0.936276741,0.110930185
0.266601563,0.249657064,0.3744,0.032486464,0.68069121,0.019116978,0.169753715
0.766601563,0.582990398,0.5744,0.175343607,0.771600301,0.096040055,0.228577244
0.141601563,0.916323731,0.7744,0.31820075,0.862509391,0.172963132,0.287400773
0.641601563,0.064471879,0.9744,0.461057893,0.953418482,0.249886208,0.346224303
0.391601563,0.397805213,0.0224,0.603915035,0.052592036,0.326809285,0.405047832
0.891601563,0.731138546,0.2224,0.746772178,0.143501127,0.403732362,0.463871362
0.079101563,0.17558299,0.4224,0.889629321,0.234410218,0.480655439,0.522694891
0.579101563,0.508916324,0.6224,0.052894627,0.325319309,0.557578516,0.581518421
0.329101563,0.842249657,0.8224,0.19575177,0.4162284,0.634501593,0.64034195
0.829101563,0.286694102,0.0624,0.338608913,0.507137491,0.71142467,0.699165479
0.204101563,0.620027435,0.2624,0.481466056,0.598046582,0.788347747,0.757989009
0.704101563,0.953360768,0.4624,0.624323199,0.688955672,0.865270824,0.816812538
0.454101563,0.101508916,0.6624,0.767180342,0.779864763,0.942193901,0.875636068
0.954101563,0.43484225,0.8624,0.910037484,0.870773854,0.025034137,0.934459597
0.047851563,0.768175583,0.1024,0.073302791,0.961682945,0.101957214,0.993283126
0.547851563,0.212620027,0.3024,0.216159933,0.060856499,0.178880291,0.055566863
0.297851563,0.545953361,0.5024,0.359017076,0.15176559,0.255803368,0.114390393
0.797851563,0.879286694,0.7024,0.501874219,0.242674681,0.332726445,0.173213922
0.172851563,0.323731139,0.9024,0.644731362,0.333583772,0.409649522,0.232037452
0.672851563,0.657064472,0.1424,0.787588505,0.424492863,0.486572599,0.290860981
0.422851563,0.990397805,0.3424,0.930445648,0.515401953,0.563495676,0.34968451
0.922851563,0.006858711,0.5424,0.093710954,0.606311044,0.640418753,0.40850804
0.110351563,0.340192044,0.7424,0.236568097,0.697220135,0.71734183,0.467331569
0.610351563,0.673525377,0.9424,0.379425239,0.788129226,0.794264907,0.526155099
0.360351563,0.117969822,0.1824,0.522282382,0.879038317,0.871187984,0.584978628
0.860351563,0.451303155,0.3824,0.665139525,0.969947408,0.948111061,0.643802158
0.235351563,0.784636488,0.5824,0.807996668,0.069120962,0.030951297,0.702625687
0.735351563,0.229080933,0.7824,0.950853811,0.160030053,0.107874374,0.761449216
0.485351563,0.562414266,0.9824,0.114119117,0.250939144,0.184797451,0.820272746
0.985351563,0.895747599,0.0304,0.25697626,0.341848234,0.261720528,0.879096275
0.008789063,0.043895748,0.2304,0.399833403,0.432757325,0.338643605,0.937919805
0.508789063,0.377229081,0.4304,0.542690546,0.523666416,0.415566682,0.996743334
0.258789063,0.710562414,0.6304,0.685547688,0.614575507,0.492489759,0.000407083
0.758789063,0.155006859,0.8304,0.828404831,0.705484598,0.569412836,0.059230613
0.133789063,0.488340192,0.0704,0.971261974,0.796393689,0.646335913,0.118054142
0.633789063,0.821673525,0.2704,0.13452728,0.88730278,0.72325899,0.176877671
0.383789063,0.26611797,0.4704,0.277384423,0.978211871,0.800182066,0.235701201
0.883789063,0.599451303,0.6704,0.420241566,0.077385424,0.877105143,0.29452473
0.071289063,0.932784636,0.8704,0.563098709,0.168294515,0.95402822,0.35334826
0.571289063,0.080932785,0.1104,0.705955852,0.259203606,0.036868457,0.412171789
0.321289063,0.414266118,0.3104,0.848812995,0.350112697,0.113791534,0.470995319
0.821289063,0.747599451,0.5104,0.991670137,0.441021788,0.190714611,0.529818848
0.196289063,0.192043896,0.7104,0.014993753,0.531930879,0.267637688,0.588642377
0.696289063,0.525377229,0.9104,0.157850895,0.62283997,0.344560765,0.647465907
0.446289063,0.858710562,0.1504,0.300708038,0.713749061,0.421483842,0.706289436
0.946289063,0.303155007,0.3504,0.443565181,0.804658152,0.498406919,0.765112966
0.040039063,0.63648834,0.5504,0.586422324,0.895567243,0.575329995,0.823936495
0.540039063,0.969821674,0.7504,0.729279467,0.986476334,0.652253072,0.882760024
0.290039063,0.01920439,0.9504,0.87213661,0.085649887,0.729176149,0.941583554
0.790039063,0.352537723,0.1904,0.035401916,0.176558978,0.806099226,0.003867291
0.165039063,0.685871056,0.3904,0.178259059,0.267468069,0.883022303,0.06269082
0.665039063,0.130315501,0.5904,0.321116202,0.35837716,0.95994538,0.12151435
0.415039063,0.463648834,0.7904,0.463973344,0.449286251,0.042785617,0.180337879
0.915039063,0.796982167,0.9904,0.606830487,0.540195342,0.119708694,0.239161409
0.102539063,0.241426612,0.0384,0.74968763,0.631104433,0.196631771,0.297984938
0.602539063,0.574759945,0.2384,0.892544773,0.722013524,0.273554848,0.356808467
0.352539063,0.908093278,0.4384,0.055810079,0.812922615,0.350477924,0.415631997
0.852539063,0.056241427,0.6384,0.198667222,0.903831705,0.427401001,0.474455526
0.227539063,0.38957476,0.8384,0.341524365,0.994740796,0.504324078,0.533279056
0.727539063,0.722908093,0.0784,0.484381508,0.003756574,0.581247155,0.592102585
0.477539063,0.167352538,0.2784,0.627238651,0.094665665,0.658170232,0.650926114
0.977539063,0.500685871,0.4784,0.770095793,0.185574756,0.735093309,0.709749644
0.024414063,0.834019204,0.6784,0.912952936,0.276483847,0.812016386,0.768573173
0.524414063,0.278463649,0.8784,0.076218242,0.367392938,0.888939463,0.827396703
0.274414063,0.611796982,0.1184,0.219075385,0.458302029,0.96586254,0.886220232
0.774414063,0.945130316,0.3184,0.361932528,0.549211119,0.048702777,0.945043761
0.149414063,0.093278464,0.5184,0.504789671,0.64012021,0.125625853,0.007327498
0.649414063,0.426611797,0.7184,0.647646814,0.731029301,0.20254893,0.066151028
0.399414063,0.75994513,0.9184,0.790503957,0.821938392,0.279472007,0.124974557
0.899414063,0.204389575,0.1584,0.9333611,0.912847483,0.356395084,0.183798087
0.086914063,0.537722908,0.3584,0.096626406,0.012021037,0.433318161,0.242621616
0.586914063,0.871056241,0.5584,0.239483549,0.102930128,0.510241238,0.301445146
0.336914063,0.315500686,0.7584,0.382340691,0.193839219,0.587164315,0.360268675
0.836914063,0.648834019,0.9584,0.525197834,0.28474831,0.664087392,0.419092204
0.211914063,0.982167353,0.1984,0.668054977,0.3756574,0.741010469,0.477915734
0.711914063,0.031550069,0.3984,0.81091212,0.466566491,0.817933546,0.536739263
0.461914063,0.364883402,0.5984,0.953769263,0.557475582,0.894856623,0.595562793
0.961914063,0.698216735,0.7984,0.117034569,0.648384673,0.9717797,0.654386322
0.055664063,0.14266118,0.9984,0.259891712,0.739293764,0.054619936,0.713209851
0.555664063,0.475994513,0.00032,0.402748855,0.830202855,0.131543013,0.772033381
0.305664063,0.809327846,0.20032,0.545605998,0.921111946,0.20846609,0.83085691
0.805664063,0.253772291,0.40032,0.68846314,0.0202855,0.285389167,0.88968044
0.180664063,0.587105624,0.60032,0.831320283,0.111194591,0.362312244,0.948503969
0.680664063,0.920438957,0.80032,0.974177426,0.202103681,0.439235321,0.010787706
0.430664063,0.068587106,0.04032,0.137442732,0.293012772,0.516158398,0.069611235
0.930664063,0.401920439,0.24032,0.280299875,0.383921863,0.593081475,0.128434765
0.118164063,0.735253772,0.44032,0.423157018,0.474830954,0.670004552,0.187258294
0.618164063,0.179698217,0.64032,0.566014161,0.565740045,0.746927629,0.246081824
0.368164063,0.51303155,0.84032,0.708871304,0.656649136,0.823850706,0.304905353
0.868164063,0.846364883,0.08032,0.851728446,0.747558227,0.900773782,0.363728883
0.243164063,0.290809328,0.28032,0.994585589,0.838467318,0.977696859,0.422552412
0.743164063,0.624142661,0.48032,0.017909204,0.929376409,0.060537096,0.481375941
0.493164063,0.957475995,0.68032,0.160766347,0.028549962,0.137460173,0.540199471
0.993164063,0.105624143,0.88032,0.30362349,0.119459053,0.21438325,0.599023
0.004882813,0.438957476,0.12032,0.446480633,0.210368144,0.291306327,0.65784653
0.504882813,0.772290809,0.32032,0.589337776,0.301277235,0.368229404,0.716670059
0.254882813,0.216735254,0.52032,0.732194919,0.392186326,0.445152481,0.775493588
0.754882813,0.550068587,0.72032,0.875052062,0.483095417,0.522075558,0.834317118
0.129882813,0.88340192,0.92032,0.038317368,0.574004508,0.598998635,0.893140647
0.629882813,0.327846365,0.16032,0.181174511,0.664913599,0.675921711,0.951964177
0.379882813,0.661179698,0.36032,0.324031653,0.75582269,0.752844788,0.014247914
0.879882813,0.994513032,0.56032,0.466888796,0.846731781,0.829767865,0.073071443
0.067382813,0.010973937,0.76032,0.609745939,0.937640872,0.906690942,0.131894973
0.567382813,0.34430727,0.96032,0.752603082,0.036814425,0.983614019,0.190718502
0.317382813,0.677640604,0.00832,0.895460225,0.127723516,0.066454256,0.249542031
0.817382813,0.122085048,0.20832,0.058725531,0.218632607,0.143377333,0.308365561
0.192382813,0.455418381,0.40832,0.201582674,0.309541698,0.22030041,0.36718909
0.692382813,0.788751715,0.60832,0.344439817,0.400450789,0.297223487,0.42601262
0.442382813,0.233196159,0.80832,0.48729696,0.49135988,0.374146563,0.484836149
0.942382813,0.566529492,0.04832,0.630154102,0.582268971,0.45106964,0.543659678
0.036132813,0.899862826,0.24832,0.773011245,0.673178062,0.527992717,0.602483208
0.536132813,0.048010974,0.44832,0.915868388,0.764087153,0.604915794,0.661306737
0.286132813,0.381344307,0.64832,0.079133694,0.854996243,0.681838871,0.720130267
0.786132813,0.714677641,0.84832,0.221990837,0.945905334,0.758761948,0.778953796
0.161132813,0.159122085,0.08832,0.36484798,0.045078888,0.835685025,0.837777325
0.661132813,0.492455418,0.28832,0.507705123,0.135987979,0.912608102,0.896600855
0.411132813,0.825788752,0.48832,0.650562266,0.22689707,0.989531179,0.955424384
0.911132813,0.270233196,0.68832,0.793419409,0.317806161,0.072371416,0.017708121
0.098632813,0.603566529,0.88832,0.936276551,0.408715252,0.149294492,0.076531651
0.598632813,0.936899863,0.12832,0.099541858,0.499624343,0.226217569,0.13535518
0.348632813,0.085048011,0.32832,0.242399,0.590533434,0.303140646,0.19417871
0.848632813,0.418381344,0.52832,0.385256143,0.681442524,0.380063723,0.253002239
0.223632813,0.751714678,0.72832,0.528113286,0.772351615,0.4569868,0.311825768
0.723632813,0.196159122,0.92832,0.670970429,0.863260706,0.533909877,0.370649298
0.473632813,0.529492455,0.16832,0.813827572,0.954169797,0.610832954,0.429472827
0.973632813,0.862825789,0.36832,0.956684715,0.053343351,0.687756031,0.488296357
0.020507813,0.307270233,0.56832,0.119950021,0.144252442,0.764679108,0.547119886
0.520507813,0.640603567,0.76832,0.262807164,0.235161533,0.841602185,0.605943415
0.270507813,0.9739369,0.96832,0.405664307,0.326070624,0.918525262,0.664766945
0.770507813,0.023319616,0.01632,0.548521449,0.416979715,0.995448339,0.723590474
0.145507813,0.356652949,0.21632,0.691378592,0.507888805,0.001820665,0.782414004
0.645507813,0.689986283,0.41632,0.834235735,0.598797896,0.078743741,0.841237533
0.395507813,0.134430727,0.61632,0.977092878,0.689706987,0.155666818,0.900061062
0.895507813,0.46776406,0.81632,0.140358184,0.780616078,0.232589895,0.958884592
0.083007813,0.801097394,0.05632,0.283215327,0.871525169,0.309512972,0.021168329
0.583007813,0.245541838,0.25632,0.42607247,0.96243426,0.386436049,0.079991858
0.333007813,0.578875171,0.45632,0.568929613,0.061607814,0.463359126,0.138815388
0.833007813,0.912208505,0.65632,0.711786756,0.152516905,0.540282203,0.197638917
0.208007813,0.060356653,0.85632,0.854643898,0.243425995,0.61720528,0.256462447
0.708007813,0.393689986,0.09632,0.997501041,0.334335086,0.694128357,0.315285976
0.458007813,0.72702332,0.29632,0.000832986,0.425244177,0.771051434,0.374109505
0.958007813,0.171467764,0.49632,0.143690129,0.516153268,0.847974511,0.432933035
0.051757813,0.504801097,0.69632,0.286547272,0.607062359,0.924897588,0.491756564
0.551757813,0.838134431,0.89632,0.429404415,0.69797145,0.007737824,0.550580094
0.301757813,0.282578875,0.13632,0.572261558,0.788880541,0.084660901,0.609403623
0.801757813,0.615912209,0.33632,0.715118701,0.879789632,0.161583978,0.668227152
0.176757813,0.949245542,0.53632,0.857975843,0.970698723,0.238507055,0.727050682
0.676757813,0.09739369,0.73632,0.02124115,0.069872276,0.315430132,0.785874211
0.426757813,0.430727023,0.93632,0.164098292,0.160781367,0.392353209,0.844697741
0.926757813,0.764060357,0.17632,0.306955435,0.251690458,0.469276286,0.90352127
0.114257813,0.208504801,0.37632,0.449812578,0.342599549,0.546199363,0.9623448
0.614257813,0.541838134,0.57632,0.592669721,0.43350864,0.62312244,0.024628537
0.364257813,0.875171468,0.77632,0.735526864,0.524417731,0.700045517,0.083452066
0.864257813,0.319615912,0.97632,0.878384007,0.615326822,0.776968594,0.142275595
0.239257813,0.652949246,0.02432,0.041649313,0.706235913,0.85389167,0.201099125
0.739257813,0.986282579,0.22432,0.184506456,0.797145004,0.930814747,0.259922654
0.489257813,0.035665295,0.42432,0.327363599,0.888054095,0.013654984,0.318746184
0.989257813,0.368998628,0.62432,0.470220741,0.978963186,0.090578061,0.377569713
0.012695313,0.702331962,0.82432,0.613077884,0.078136739,0.167501138,0.436393242
0.512695313,0.146776406,0.06432,0.755935027,0.16904583,0.244424215,0.495216772
0.262695313,0.480109739,0.26432,0.89879217,0.259954921,0.321347292,0.554040301
0.762695313,0.813443073,0.46432,0.062057476,0.350864012,0.398270369,0.612863831
0.137695313,0.257887517,0.66432,0.204914619,0.441773103,0.475193446,0.67168736
0.637695313,0.59122085,0.86432,0.347771762,0.532682194,0.552116523,0.730510889
0.387695313,0.924554184,0.10432,0.490628905,0.623591285,0.629039599,0.789334419
0.887695313,0.072702332,0.30432,0.633486047,0.714500376,0.705962676,0.848157948
0.075195313,0.406035665,0.50432,0.77634319,0.805409467,0.782885753,0.906981478
0.575195313,0.739368999,0.70432,0.919200333,0.896318557,0.85980883,0.965805007
0.325195313,0.183813443,0.90432,0.082465639,0.987227648,0.936731907,0.028088744
0.825195313,0.517146776,0.14432,0.225322782,0.086401202,0.019572144,0.086912274
0.200195313,0.85048011,0.34432,0.368179925,0.177310293,0.096495221,0.145735803
0.700195313,0.294924554,0.54432,0.511037068,0.268219384,0.173418298,0.204559332
0.450195313,0.628257888,0.74432,0.653894211,0.359128475,0.250341375,0.263382862
0.950195313,0.961591221,0.94432,0.796751354,0.450037566,0.327264452,0.322206391
0.043945313,0.109739369,0.18432,0.939608496,0.540946657,0.404187528,0.381029921
0.543945313,0.443072702,0.38432,0.102873803,0.631855748,0.481110605,0.43985345
0.293945313,0.776406036,0.58432,0.245730945,0.722764838,0.558033682,0.498676979
0.793945313,0.22085048,0.78432,0.388588088,0.813673929,0.634956759,0.557500509
0.168945313,0.554183813,0.98432,0.531445231,0.90458302,0.711879836,0.616324038
0.668945313,0.887517147,0.03232,0.674302374,0.995492111,0.788802913,0.675147568
0.418945313,0.331961591,0.23232,0.817159517,0.004507889,0.86572599,0.733971097
0.918945313,0.665294925,0.43232,0.96001666,0.09541698,0.942649067,0.792794627
0.106445313,0.998628258,0.63232,0.123281966,0.186326071,0.025489304,0.851618156
0.606445313,0.000457247,0.83232,0.266139109,0.277235162,0.102412381,0.910441685
0.356445313,0.333790581,0.07232,0.408996252,0.368144252,0.179335457,0.969265215
0.856445313,0.667123914,0.27232,0.551853394,0.459053343,0.256258534,0.031548952
0.231445313,0.111568358,0.47232,0.694710537,0.549962434,0.333181611,0.090372481
0.731445313,0.444901692,0.67232,0.83756768,0.640871525,0.410104688,0.149196011
0.481445313,0.778235025,0.87232,0.980424823,0.731780616,0.487027765,0.20801954
0.981445313,0.22267947,0.11232,0.003748438,0.822689707,0.563950842,0.266843069
0.028320313,0.556012803,0.31232,0.146605581,0.913598798,0.640873919,0.325666599
0.528320313,0.889346136,0.51232,0.289462724,0.012772352,0.717796996,0.384490128
0.278320313,0.037494284,0.71232,0.432319867,0.103681443,0.794720073,0.443313658
0.778320313,0.370827618,0.91232,0.57517701,0.194590533,0.87164315,0.502137187
0.153320313,0.704160951,0.15232,0.718034152,0.285499624,0.948566227,0.560960716
0.653320313,0.148605396,0.35232,0.860891295,0.376408715,0.031406463,0.619784246
0.403320313,0.481938729,0.55232,0.024156601,0.467317806,0.10832954,0.678607775
0.903320313,0.815272062,0.75232,0.167013744,0.558226897,0.185252617,0.737431305
0.090820313,0.259716507,0.95232,0.309870887,0.649135988,0.262175694,0.796254834
0.590820313,0.59304984,0.19232,0.45272803,0.740045079,0.339098771,0.855078364
0.340820313,0.926383173,0.39232,0.595585173,0.83095417,0.416021848,0.913901893
0.840820313,0.074531321,0.59232,0.738442316,0.921863261,0.492944925,0.972725422
0.215820313,0.407864655,0.79232,0.881299459,0.021036814,0.569868002,0.035009159
0.715820313,0.741197988,0.99232,0.044564765,0.111945905,0.646791079,0.093832689
0.465820313,0.185642433,0.00192,0.187421908,0.202854996,0.723714156,0.152656218
0.965820313,0.518975766,0.20192,0.33027905,0.293764087,0.800637233,0.211479748
0.059570313,0.852309099,0.40192,0.473136193,0.384673178,0.87756031,0.270303277
0.559570313,0.296753544,0.60192,0.615993336,0.475582269,0.954483386,0.329126806
0.309570313,0.630086877,0.80192,0.758850479,0.56649136,0.037323623,0.387950336
0.809570313,0.96342021,0.04192,0.901707622,0.657400451,0.1142467,0.446773865
0.184570313,0.012802926,0.24192,0.064972928,0.748309542,0.191169777,0.505597395
0.684570313,0.34613626,0.44192,0.207830071,0.839218633,0.268092854,0.564420924
0.434570313,0.679469593,0.64192,0.350687214,0.930127724,0.345015931,0.623244453
0.934570313,0.123914037,0.84192,0.493544357,0.029301277,0.421939008,0.682067983
0.122070313,0.457247371,0.08192,0.636401499,0.120210368,0.498862085,0.740891512
0.622070313,0.790580704,0.28192,0.779258642,0.211119459,0.575785162,0.799715042
0.372070313,0.235025149,0.48192,0.922115785,0.30202855,0.652708239,0.858538571
0.872070313,0.568358482,0.68192,0.085381091,0.392937641,0.729631315,0.917362101
0.247070313,0.901691815,0.88192,0.228238234,0.483846732,0.806554392,0.97618563
0.747070313,0.049839963,0.12192,0.371095377,0.574755823,0.883477469,0.038469367
0.497070313,0.383173297,0.32192,0.51395252,0.665664914,0.960400546,0.097292896
0.997070313,0.71650663,0.52192,0.656809663,0.756574005,0.043240783,0.156116426
0.002929688,0.160951075,0.72192,0.799666805,0.847483095,0.12016386,0.214939955
0.502929688,0.494284408,0.92192,0.942523948,0.938392186,0.197086937,0.273763485
0.252929688,0.827617741,0.16192,0.105789254,0.03756574,0.274010014,0.332587014
0.752929688,0.272062186,0.36192,0.248646397,0.128474831,0.350933091,0.391410543
0.127929688,0.605395519,0.56192,0.39150354,0.219383922,0.427856168,0.450234073
0.627929688,0.938728852,0.76192,0.534360683,0.310293013,0.504779244,0.509057602
0.377929688,0.086877,0.96192,0.677217826,0.401202104,0.581702321,0.567881132
0.877929688,0.420210334,0.00992,0.820074969,0.492111195,0.658625398,0.626704661
0.065429688,0.753543667,0.20992,0.962932112,0.583020285,0.735548475,0.685528191
0.565429688,0.197988112,0.40992,0.126197418,0.673929376,0.812471552,0.74435172
0.315429688,0.531321445,0.60992,0.269054561,0.764838467,0.889394629,0.803175249
0.815429688,0.864654778,0.80992,0.411911703,0.855747558,0.966317706,0.861998779
0.190429688,0.309099223,0.04992,0.554768846,0.946656649,0.049157943,0.920822308
0.690429688,0.642432556,0.24992,0.697625989,0.045830203,0.12608102,0.979645838
0.440429688,0.975765889,0.44992,0.840483132,0.136739294,0.203004096,0.041929575
0.940429688,0.025148605,0.64992,0.983340275,0.227648385,0.279927173,0.100753104
0.034179688,0.358481939,0.84992,0.00666389,0.318557476,0.35685025,0.159576633
0.534179688,0.691815272,0.08992,0.149521033,0.409466566,0.433773327,0.218400163
0.284179688,0.136259717,0.28992,0.292378176,0.500375657,0.510696404,0.277223692
0.784179688,0.46959305,0.48992,0.435235319,0.591284748,0.587619481,0.336047222
0.159179688,0.802926383,0.68992,0.578092461,0.682193839,0.664542558,0.394870751
0.659179688,0.247370828,0.88992,0.720949604,0.77310293,0.741465635,0.45369428
0.409179688,0.580704161,0.12992,0.863806747,0.864012021,0.818388712,0.51251781
0.909179688,0.914037494,0.32992,0.027072053,0.954921112,0.895311789,0.571341339
0.096679688,0.062185642,0.52992,0.169929196,0.054094666,0.972234866,0.630164869
0.596679688,0.395518976,0.72992,0.312786339,0.145003757,0.055075102,0.688988398
0.346679688,0.728852309,0.92992,0.455643482,0.235912847,0.131998179,0.747811928
0.846679688,0.173296754,0.16992,0.598500625,0.326821938,0.208921256,0.806635457
0.221679688,0.506630087,0.36992,0.741357768,0.417731029,0.285844333,0.865458986
0.721679688,0.83996342,0.56992,0.88421491,0.50864012,0.36276741,0.924282516
0.471679688,0.284407865,0.76992,0.047480217,0.599549211,0.439690487,0.983106045
0.971679688,0.617741198,0.96992,0.190337359,0.690458302,0.516613564,0.045389782
0.018554688,0.951074531,0.01792,0.333194502,0.781367393,0.593536641,0.104213312
0.518554688,0.099222679,0.21792,0.476051645,0.872276484,0.670459718,0.163036841
0.268554688,0.432556013,0.41792,0.618908788,0.963185575,0.747382795,0.22186037
0.768554688,0.765889346,0.61792,0.761765931,0.062359128,0.824305872,0.2806839
0.143554688,0.210333791,0.81792,0.904623074,0.153268219,0.901228949,0.339507429
0.643554688,0.543667124,0.05792,0.06788838,0.24417731,0.978152025,0.398330959
0.393554688,0.877000457,0.25792,0.210745523,0.335086401,0.060992262,0.457154488
0.893554688,0.321444902,0.45792,0.353602666,0.425995492,0.137915339,0.515978018
0.081054688,0.654778235,0.65792,0.496459808,0.516904583,0.214838416,0.574801547
0.581054688,0.988111568,0.85792,0.639316951,0.607813674,0.291761493,0.633625076
0.331054688,0.004572474,0.09792,0.782174094,0.698722765,0.36868457,0.692448606
0.831054688,0.337905807,0.29792,0.925031237,0.789631856,0.445607647,0.751272135
0.206054688,0.67123914,0.49792,0.088296543,0.880540947,0.522530724,0.810095665
0.706054688,0.115683585,0.69792,0.231153686,0.971450038,0.599453801,0.868919194
0.456054688,0.449016918,0.89792,0.374010829,0.070623591,0.676376878,0.927742723
0.956054688,0.782350251,0.13792,0.516867972,0.161532682,0.753299954,0.986566253
0.049804688,0.226794696,0.33792,0.659725115,0.252441773,0.830223031,0.04884999
0.549804688,0.560128029,0.53792,0.802582257,0.343350864,0.907146108,0.107673519
0.299804688,0.893461363,0.73792,0.9454394,0.434259955,0.984069185,0.166497049
0.799804688,0.041609511,0.93792,0.108704706,0.525169046,0.066909422,0.225320578
0.174804688,0.374942844,0.17792,0.251561849,0.616078137,0.143832499,0.284144107
0.674804688,0.708276177,0.37792,0.394418992,0.706987228,0.220755576,0.342967637
0.424804688,0.152720622,0.57792,0.537276135,0.797896319,0.297678653,0.401791166
0.924804688,0.486053955,0.77792,0.680133278,0.888805409,0.37460173,0.460614696
0.112304688,0.819387289,0.97792,0.822990421,0.9797145,0.451524807,0.519438225
0.612304688,0.263831733,0.02592,0.965847564,0.078888054,0.528447883,0.578261755
0.362304688,0.597165066,0.22592,0.12911287,0.169797145,0.60537096,0.637085284
0.862304688,0.9304984,0.42592,0.271970012,0.260706236,0.682294037,0.695908813
0.237304688,0.078646548,0.62592,0.414827155,0.351615327,0.759217114,0.754732343
0.737304688,0.411979881,0.82592,0.557684298,0.442524418,0.836140191,0.813555872
0.487304688,0.745313214,0.06592,0.700541441,0.533433509,0.913063268,0.872379402
0.987304688,0.189757659,0.26592,0.843398584,0.6243426,0.989986345,0.931202931
0.010742188,0.523090992,0.46592,0.986255727,0.71525169,0.072826582,0.99002646
0.510742188,0.856424326,0.66592,0.009579342,0.806160781,0.149749659,0.052310197
0.260742188,0.30086877,0.86592,0.152436485,0.897069872,0.226672736,0.111133727
0.760742188,0.634202103,0.10592,0.295293628,0.987978963,0.303595812,0.169957256
0.135742188,0.967535437,0.30592,0.438150771,0.087152517,0.380518889,0.228780786
0.635742188,0.016918153,0.50592,0.581007913,0.178061608,0.457441966,0.287604315
0.385742188,0.350251486,0.70592,0.723865056,0.268970699,0.534365043,0.346427844
0.885742188,0.683584819,0.90592,0.866722199,0.35987979,0.61128812,0.405251374
0.073242188,0.128029264,0.14592,0.029987505,0.450788881,0.688211197,0.464074903
0.573242188,0.461362597,0.34592,0.172844648,0.541697971,0.765134274,0.522898433
0.323242188,0.79469593,0.54592,0.315701791,0.632607062,0.842057351,0.581721962
0.823242188,0.239140375,0.74592,0.458558934,0.723516153,0.918980428,0.640545492
0.198242188,0.572473708,0.94592,0.601416077,0.814425244,0.995903505,0.699369021
0.698242188,0.905807042,0.18592,0.744273219,0.905334335,0.002275831,0.75819255
0.448242188,0.05395519,0.38592,0.887130362,0.996243426,0.079198908,0.81701608
0.948242188,0.387288523,0.58592,0.050395668,0.005259204,0.156121985,0.875839609
0.041992188,0.720621856,0.78592,0.193252811,0.096168295,0.233045061,0.934663139
0.541992188,0.165066301,0.98592,0.336109954,0.187077385,0.309968138,0.993486668
0.291992188,0.498399634,0.03392,0.478967097,0.277986476,0.386891215,0.055770405
0.791992188,0.831732968,0.23392,0.62182424,0.368895567,0.463814292,0.114593934
0.166992188,0.276177412,0.43392,0.764681383,0.459804658,0.540737369,0.173417464
0.666992188,0.609510745,0.63392,0.907538526,0.550713749,0.617660446,0.232240993
0.416992188,0.942844079,0.83392,0.070803832,0.64162284,0.694583523,0.291064523
0.916992188,0.090992227,0.07392,0.213660975,0.732531931,0.7715066,0.349888052
0.104492188,0.42432556,0.27392,0.356518117,0.823441022,0.848429677,0.408711582
0.604492188,0.757658893,0.47392,0.49937526,0.914350113,0.925352754,0.467535111
0.354492188,0.202103338,0.67392,0.642232403,0.013523666,0.00819299,0.52635864
0.854492188,0.535436671,0.87392,0.785089546,0.104432757,0.085116067,0.58518217
0.229492188,0.868770005,0.11392,0.927946689,0.195341848,0.162039144,0.644005699
0.729492188,0.313214449,0.31392,0.091211995,0.286250939,0.238962221,0.702829229
0.479492188,0.646547782,0.51392,0.234069138,0.37716003,0.315885298,0.761652758
0.979492188,0.979881116,0.71392,0.376926281,0.468069121,0.392808375,0.820476287
0.026367188,0.029263832,0.91392,0.519783424,0.558978212,0.469731452,0.879299817
0.526367188,0.362597165,0.15392,0.662640566,0.649887303,0.546654529,0.938123346
0.276367188,0.695930498,0.35392,0.805497709,0.740796394,0.623577606,0.996946876
0.776367188,0.140374943,0.55392,0.948354852,0.831705485,0.700500683,0.000610625
0.151367188,0.473708276,0.75392,0.111620158,0.922614576,0.77742376,0.059434154
0.651367188,0.80704161,0.95392,0.254477301,0.021788129,0.854346837,0.118257684
0.401367188,0.251486054,0.19392,0.397334444,0.11269722,0.931269914,0.177081213
0.901367188,0.584819387,0.39392,0.540191587,0.203606311,0.01411015,0.235904743
0.088867188,0.918152721,0.59392,0.68304873,0.294515402,0.091033227,0.294728272
0.588867188,0.066300869,0.79392,0.825905873,0.385424493,0.167956304,0.353551801
0.338867188,0.399634202,0.99392,0.968763015,0.476333584,0.244879381,0.412375331
0.838867188,0.732967535,0.00352,0.132028322,0.567242675,0.321802458,0.47119886
0.213867188,0.17741198,0.20352,0.274885464,0.658151766,0.398725535,0.53002239
0.713867188,0.510745313,0.40352,0.417742607,0.749060856,0.475648612,0.588845919
0.463867188,0.844078647,0.60352,0.56059975,0.839969947,0.552571689,0.647669448
0.963867188,0.288523091,0.80352,0.703456893,0.930879038,0.629494766,0.706492978
0.057617188,0.621856424,0.04352,0.846314036,0.030052592,0.706417843,0.765316507
0.557617188,0.955189758,0.24352,0.989171179,0.120961683,0.783340919,0.824140037
0.307617188,0.103337906,0.44352,0.012494794,0.211870774,0.860263996,0.882963566
0.807617188,0.436671239,0.64352,0.155351937,0.302779865,0.937187073,0.941787095
0.182617188,0.770004572,0.84352,0.29820908,0.393688956,0.02002731,0.004070832
0.682617188,0.214449017,0.08352,0.441066222,0.484598047,0.096950387,0.062894362
0.432617188,0.54778235,0.28352,0.583923365,0.575507137,0.173873464,0.121717891
0.932617188,0.881115684,0.48352,0.726780508,0.666416228,0.250796541,0.180541421
0.120117188,0.325560128,0.68352,0.869637651,0.757325319,0.327719618,0.23936495
0.620117188,0.658893461,0.88352,0.032902957,0.84823441,0.404642695,0.29818848
0.370117188,0.992226795,0.12352,0.1757601,0.939143501,0.481565772,0.357012009
0.870117188,0.0086877,0.32352,0.318617243,0.038317055,0.558488848,0.415835538
0.245117188,0.342021033,0.52352,0.461474386,0.129226146,0.635411925,0.474659068
0.745117188,0.675354367,0.72352,0.604331529,0.220135237,0.712335002,0.533482597
0.495117188,0.119798811,0.92352,0.747188671,0.311044328,0.789258079,0.592306127
0.995117188,0.453132144,0.16352,0.890045814,0.401953418,0.866181156,0.651129656
0.006835938,0.786465478,0.36352,0.05331112,0.492862509,0.943104233,0.709953185
0.506835938,0.230909922,0.56352,0.196168263,0.5837716,0.02594447,0.768776715
0.256835938,0.564243256,0.76352,0.339025406,0.674680691,0.102867547,0.827600244
0.756835938,0.897576589,0.96352,0.481882549,0.765589782,0.179790624,0.886423774
0.131835938,0.045724737,0.01152,0.624739692,0.856498873,0.256713701,0.945247303
0.631835938,0.37905807,0.21152,0.767596835,0.947407964,0.333636777,0.00753104
0.381835938,0.712391404,0.41152,0.910453978,0.046581518,0.410559854,0.06635457
0.881835938,0.156835848,0.61152,0.073719284,0.137490609,0.487482931,0.125178099
0.069335938,0.490169182,0.81152,0.216576426,0.228399699,0.564406008,0.184001628
0.569335938,0.823502515,0.05152,0.359433569,0.31930879,0.641329085,0.242825158
0.319335938,0.267946959,0.25152,0.502290712,0.410217881,0.718252162,0.301648687
0.819335938,0.601280293,0.45152,0.645147855,0.501126972,0.795175239,0.360472217
0.194335938,0.934613626,0.65152,0.788004998,0.592036063,0.872098316,0.419295746
0.694335938,0.082761774,0.85152,0.930862141,0.682945154,0.949021393,0.478119275
0.444335938,0.416095107,0.09152,0.094127447,0.773854245,0.031861629,0.536942805
0.944335938,0.749428441,0.29152,0.23698459,0.864763336,0.108784706,0.595766334
0.038085938,0.193872885,0.49152,0.379841733,0.955672427,0.185707783,0.654589864
0.538085938,0.527206219,0.69152,0.522698875,0.05484598,0.26263086,0.713413393
0.288085938,0.860539552,0.89152,0.665556018,0.145755071,0.339553937,0.772236922
0.788085938,0.304983996,0.13152,0.808413161,0.236664162,0.416477014,0.831060452
0.163085938,0.63831733,0.33152,0.951270304,0.327573253,0.493400091,0.889883981
0.663085938,0.971650663,0.53152,0.11453561,0.418482344,0.570323168,0.948707511
0.413085938,0.021033379,0.73152,0.257392753,0.509391435,0.647246245,0.010991248
0.913085938,0.354366712,0.93152,0.400249896,0.600300526,0.724169322,0.069814777
0.100585938,0.687700046,0.17152,0.543107039,0.691209617,0.801092399,0.128638307
0.600585938,0.13214449,0.37152,0.685964182,0.782118708,0.878015476,0.187461836
0.350585938,0.465477824,0.57152,0.828821324,0.873027799,0.954938553,0.246285365
0.850585938,0.798811157,0.77152,0.971678467,0.96393689,0.037778789,0.305108895
0.225585938,0.243255601,0.97152,0.134943773,0.063110443,0.114701866,0.363932424
0.725585938,0.576588935,0.01952,0.277800916,0.154019534,0.191624943,0.422755954
0.475585938,0.909922268,0.21952,0.420658059,0.244928625,0.26854802,0.481579483
0.975585938,0.058070416,0.41952,0.563515202,0.335837716,0.345471097,0.540403012
0.022460938,0.391403749,0.61952,0.706372345,0.426746807,0.422394174,0.599226542
0.522460938,0.724737083,0.81952,0.849229488,0.517655898,0.499317251,0.658050071
0.272460938,0.169181527,0.05952,0.992086631,0.608564989,0.576240328,0.716873601
0.772460938,0.502514861,0.25952,0.015410246,0.69947408,0.653163405,0.77569713
0.147460938,0.835848194,0.45952,0.158267389,0.790383171,0.730086482,0.834520659
0.647460938,0.280292638,0.65952,0.301124531,0.881292261,0.807009558,0.893344189
0.397460938,0.613625972,0.85952,0.443981674,0.972201352,0.883932635,0.952167718
0.897460938,0.946959305,0.09952,0.586838817,0.071374906,0.960855712,0.014451455
0.084960938,0.095107453,0.29952,0.72969596,0.162283997,0.043695949,0.073274985
0.584960938,0.428440786,0.49952,0.872553103,0.253193088,0.120619026,0.132098514
0.334960938,0.76177412,0.69952,0.035818409,0.344102179,0.197542103,0.190922044
0.834960938,0.206218564,0.89952,0.178675552,0.43501127,0.27446518,0.249745573
0.209960938,0.539551898,0.13952,0.321532695,0.525920361,0.351388257,0.308569102
0.709960938,0.872885231,0.33952,0.464389838,0.616829452,0.428311334,0.367392632
0.459960938,0.317329675,0.53952,0.60724698,0.707738542,0.505234411,0.426216161
0.959960938,0.650663009,0.73952,0.750104123,0.798647633,0.582157487,0.485039691
0.053710938,0.983996342,0.93952,0.892961266,0.889556724,0.659080564,0.54386322
0.553710938,0.033379058,0.17952,0.056226572,0.980465815,0.736003641,0.602686749
0.303710938,0.366712391,0.37952,0.199083715,0.079639369,0.812926718,0.661510279
0.803710938,0.700045725,0.57952,0.341940858,0.17054846,0.889849795,0.720333808
0.178710938,0.144490169,0.77952,0.484798001,0.261457551,0.966772872,0.779157338
0.678710938,0.477823503,0.97952,0.627655144,0.352366642,0.049613109,0.837980867
0.428710938,0.811156836,0.02752,0.770512287,0.443275733,0.126536186,0.896804396
0.928710938,0.25560128,0.22752,0.913369429,0.534184823,0.203459263,0.955627926
0.116210938,0.588934614,0.42752,0.076634736,0.625093914,0.28038234,0.017911663
0.616210938,0.922267947,0.62752,0.219491878,0.716003005,0.357305416,0.076735192
0.366210938,0.070416095,0.82752,0.362349021,0.806912096,0.434228493,0.135558722
0.866210938,0.403749428,0.06752,0.505206164,0.897821187,0.51115157,0.194382251
0.241210938,0.737082762,0.26752,0.648063307,0.988730278,0.588074647,0.253205781
0.741210938,0.181527206,0.46752,0.79092045,0.087903832,0.664997724,0.31202931
0.491210938,0.51486054,0.66752,0.933777593,0.178812923,0.741920801,0.370852839
0.991210938,0.848193873,0.86752,0.097042899,0.269722014,0.818843878,0.429676369
0.014648438,0.292638317,0.10752,0.239900042,0.360631104,0.895766955,0.488499898
0.514648438,0.625971651,0.30752,0.382757185,0.451540195,0.972690032,0.547323428
0.264648438,0.959304984,0.50752,0.525614327,0.542449286,0.055530269,0.606146957
0.764648438,0.107453132,0.70752,0.66847147,0.633358377,0.132453345,0.664970486
0.139648438,0.440786465,0.90752,0.811328613,0.724267468,0.209376422,0.723794016
0.639648438,0.774119799,0.14752,0.954185756,0.815176559,0.286299499,0.782617545
0.389648438,0.218564243,0.34752,0.117451062,0.90608565,0.363222576,0.841441075
0.889648438,0.551897577,0.54752,0.260308205,0.996994741,0.440145653,0.900264604
0.077148438,0.88523091,0.74752,0.403165348,0.006010518,0.51706873,0.959088134
0.577148438,0.329675354,0.94752,0.546022491,0.096919609,0.593991807,0.021371871
0.327148438,0.663008688,0.18752,0.688879633,0.1878287,0.670914884,0.0801954
0.827148438,0.996342021,0.38752,0.831736776,0.278737791,0.747837961,0.139018929
0.202148438,0.001828989,0.58752,0.974593919,0.369646882,0.824761038,0.197842459
0.702148438,0.335162323,0.78752,0.137859225,0.460555973,0.901684115,0.256665988
0.452148438,0.668495656,0.98752,0.280716368,0.551465064,0.978607192,0.315489518
0.952148438,0.112940101,0.03552,0.423573511,0.642374155,0.061447428,0.374313047
0.045898438,0.446273434,0.23552,0.566430654,0.733283246,0.138370505,0.433136576
0.545898438,0.779606767,0.43552,0.709287797,0.824192337,0.215293582,0.491960106
0.295898438,0.224051212,0.63552,0.85214494,0.915101427,0.292216659,0.550783635
0.795898438,0.557384545,0.83552,0.995002082,0.014274981,0.369139736,0.609607165
0.170898438,0.890717878,0.07552,0.018325698,0.105184072,0.446062813,0.668430694
0.670898438,0.038866027,0.27552,0.16118284,0.196093163,0.52298589,0.727254223
0.420898438,0.37219936,0.47552,0.304039983,0.287002254,0.599908967,0.786077753
0.920898438,0.705532693,0.67552,0.446897126,0.377911345,0.676832044,0.844901282
0.108398438,0.149977138,0.87552,0.589754269,0.468820436,0.753755121,0.903724812
0.608398438,0.483310471,0.11552,0.732611412,0.559729527,0.830678198,0.962548341
0.358398438,0.816643804,0.31552,0.875468555,0.650638618,0.907601274,0.024832078
0.858398438,0.261088249,0.51552,0.038733861,0.741547708,0.984524351,0.083655608
0.233398438,0.594421582,0.71552,0.181591004,0.832456799,0.067364588,0.142479137
0.733398438,0.927754915,0.91552,0.324448147,0.92336589,0.144287665,0.201302666
0.483398438,0.075903064,0.15552,0.467305289,0.022539444,0.221210742,0.260126196
0.983398438,0.409236397,0.35552,0.610162432,0.113448535,0.298133819,0.318949725
0.030273438,0.74256973,0.55552,0.753019575,0.204357626,0.375056896,0.377773255
0.530273438,0.187014175,0.75552,0.895876718,0.295266717,0.451979973,0.436596784
0.280273438,0.520347508,0.95552,0.059142024,0.386175808,0.52890305,0.495420313
0.780273438,0.853680841,0.19552,0.201999167,0.477084899,0.605826127,0.554243843
0.155273438,0.298125286,0.39552,0.34485631,0.567993989,0.682749203,0.613067372
0.655273438,0.631458619,0.59552,0.487713453,0.65890308,0.75967228,0.671890902
0.405273438,0.964791952,0.79552,0.630570596,0.749812171,0.836595357,0.730714431
0.905273438,0.014174668,0.99552,0.773427738,0.840721262,0.913518434,0.789537961
0.092773438,0.347508002,0.00512,0.916284881,0.931630353,0.990441511,0.84836149
